py_entry_time,py_entry_price,py_exit_time,py_exit_price,py_side,py_result,py_exit_reason,py_mae,py_mfe,py_ib_range,py_tie_break,py_realized_r,py_date,py_play,py_avwap_source,py_break_vs_avwap_0930,py_trend_misaligned,py_entry_dt,nt8_side,nt8_entry_time,nt8_entry_price,nt8_exit_time,nt8_exit_price,nt8_pnl,nt8_exit_reason,nt8_entry_dt,nt8_date,nt8_dt_diff,entry_time_diff_s,entry_price_diff,exit_price_diff,result_match
2026-01-02 10:12:00-05:00,26144.0,2026-01-02 10:18:00-05:00,26071.5,SHORT,1,target,39.25,75.25,165.5,False,1.0,2026-01-02,1,parquet,1.0,1,2026-01-02 10:12:00-05:00,,,,,,,,,,,,,,
2026-01-08 10:00:00-05:00,26106.5,2026-01-08 15:50:00-05:00,26192.5,SHORT,-1,liquidation_1550,123.0,21.5,205.75,False,-0.8947,2026-01-08,1,parquet,-1.0,1,2026-01-08 10:00:00-05:00,,,,,,,,,,,,,,
2026-01-09 10:08:00-05:00,26154.5,2026-01-09 10:22:00-05:00,26296.25,SHORT,-1,stop,175.75,23.0,141.75,False,-2.3285,2026-01-09,1,parquet,1.0,1,2026-01-09 10:08:00-05:00,,,,,,,,,,,,,,
2026-01-13 10:02:00-05:00,26422.0,2026-01-13 10:18:00-05:00,26390.75,SHORT,1,target,51.75,42.0,112.0,False,1.0,2026-01-13,1,parquet,1.0,1,2026-01-13 10:02:00-05:00,SHORT,2026-01-13T10:04:00,25905.75,2026-01-13T10:19:00,25874.75,620.0,Profit target,2026-01-13 05:04:00-05:00,2026-01-13,17880.0,17880.0,516.25,516.0,True
2026-01-14 10:00:00-05:00,26056.5,2026-01-14 10:50:00-05:00,25993.88,SHORT,1,target,153.0,63.5,208.25,False,1.0,2026-01-14,1,parquet,-1.0,1,2026-01-14 10:00:00-05:00,SHORT,2026-01-14T10:02:00,25539.25,2026-01-14T10:49:00,25494.75,890.0,Profit target,2026-01-14 05:02:00-05:00,2026-01-14,17880.0,17880.0,517.25,499.130000000001,True
2026-01-15 10:46:00-05:00,26343.25,2026-01-15 11:51:00-05:00,26453.0,SHORT,-1,stop,110.0,24.0,109.75,False,-2.8051,2026-01-15,1,parquet,1.0,1,2026-01-15 10:46:00-05:00,SHORT,2026-01-15T10:48:00,25826.75,2026-01-15T11:52:00,25937.0,-2205.0,Stop loss,2026-01-15 05:48:00-05:00,2026-01-15,17880.0,17880.0,516.5,516.0,True
2026-01-16 10:01:00-05:00,26232.0,2026-01-16 10:35:00-05:00,26159.88,SHORT,1,target,49.5,73.75,164.75,False,1.0,2026-01-16,1,parquet,1.0,1,2026-01-16 10:01:00-05:00,SHORT,2026-01-16T10:02:00,25727.0,2026-01-16T10:20:00,25668.0,1180.0,Profit target,2026-01-16 05:02:00-05:00,2026-01-16,17940.0,17940.0,505.0,491.880000000001,True
2026-01-22 10:02:00-05:00,26064.75,2026-01-22 15:50:00-05:00,26149.75,SHORT,-1,liquidation_1550,174.75,12.0,177.5,False,-1.021,2026-01-22,1,parquet,1.0,1,2026-01-22 10:02:00-05:00,,,,,,,,,,,,,,
2026-01-28 10:32:00-05:00,26727.75,2026-01-28 10:47:00-05:00,26686.12,SHORT,1,target,16.5,45.5,87.25,False,1.0,2026-01-28,1,parquet,-1.0,1,2026-01-28 10:32:00-05:00,SHORT,2026-01-28T10:34:00,26211.75,2026-01-28T10:48:00,26170.25,830.0,Profit target,2026-01-28 05:34:00-05:00,2026-01-28,17880.0,17880.0,516.0,515.869999999999,True
2026-01-29 10:00:00-05:00,26326.0,2026-01-29 10:32:00-05:00,26215.5,SHORT,1,target,58.25,111.75,317.0,False,1.0,2026-01-29,1,parquet,-1.0,1,2026-01-29 10:00:00-05:00,SHORT,2026-01-29T10:02:00,25808.75,2026-01-29T10:15:00,25737.75,1420.0,Profit target,2026-01-29 05:02:00-05:00,2026-01-29,17880.0,17880.0,517.25,477.75,True
2026-01-30 10:29:00-05:00,26309.75,2026-01-30 10:47:00-05:00,26443.5,SHORT,-1,stop,140.25,23.0,133.75,False,-2.4598,2026-01-30,1,parquet,-1.0,1,2026-01-30 10:29:00-05:00,SHORT,2026-01-30T10:31:00,25794.0,2026-01-30T10:47:00,25920.25,-2525.0,Stop loss,2026-01-30 05:31:00-05:00,2026-01-30,17880.0,17880.0,515.75,523.25,True
2026-02-03 10:00:00-05:00,26125.75,2026-02-03 12:12:00-05:00,25974.75,SHORT,1,target,37.0,207.0,329.0,False,1.0,2026-02-03,1,parquet,-1.0,1,2026-02-03 10:00:00-05:00,SHORT,2026-02-03T10:02:00,25610.75,2026-02-03T10:25:00,25479.0,2635.0,Profit target,2026-02-03 05:02:00-05:00,2026-02-03,17880.0,17880.0,515.0,495.75,True
2026-02-04 10:00:00-05:00,25668.5,2026-02-04 11:02:00-05:00,25600.0,SHORT,1,target,152.5,72.0,204.0,False,1.0,2026-02-04,1,parquet,-1.0,1,2026-02-04 10:00:00-05:00,,,,,,,,,,,,,,
2026-02-05 10:10:00-05:00,25159.75,2026-02-05 15:50:00-05:00,25114.75,SHORT,1,liquidation_1550,243.75,100.5,308.75,False,0.308,2026-02-05,1,parquet,-1.0,1,2026-02-05 10:10:00-05:00,,,,,,,,,,,,,,
2026-02-11 10:02:00-05:00,25795.75,2026-02-11 10:12:00-05:00,25718.38,SHORT,1,target,47.5,109.75,175.25,False,1.0,2026-02-11,1,parquet,1.0,1,2026-02-11 10:02:00-05:00,,,,,,,,,,,,,,
2026-02-12 10:08:00-05:00,25693.0,2026-02-12 10:44:00-05:00,25599.12,SHORT,1,target,83.25,95.0,206.25,False,1.0,2026-02-12,1,parquet,1.0,1,2026-02-12 10:08:00-05:00,,,,,,,,,,,,,,
2026-02-16 10:00:00-05:00,25304.0,2026-02-16 10:33:00-05:00,25214.0,LONG,-1,stop,102.75,9.5,90.0,False,-2.2642,2026-02-16,1,parquet,-1.0,1,2026-02-16 10:00:00-05:00,LONG,2026-02-16T10:02:00,24788.25,2026-02-16T10:34:00,24698.0,-1805.0,Stop loss,2026-02-16 05:02:00-05:00,2026-02-16,17880.0,17880.0,515.75,516.0,True
2026-02-18 10:01:00-05:00,25485.25,2026-02-18 10:16:00-05:00,25577.75,LONG,1,target,18.5,101.25,206.5,False,1.0,2026-02-18,1,parquet,-1.0,1,2026-02-18 10:01:00-05:00,LONG,2026-02-18T10:03:00,24970.0,2026-02-18T10:17:00,25061.75,1835.0,Profit target,2026-02-18 05:03:00-05:00,2026-02-18,17880.0,17880.0,515.25,516.0,True
2026-02-19 10:03:00-05:00,25458.0,2026-02-19 12:48:00-05:00,25301.0,LONG,-1,stop,159.0,17.5,157.0,False,-2.7788,2026-02-19,1,parquet,-1.0,1,2026-02-19 10:03:00-05:00,LONG,2026-02-19T10:05:00,24942.25,2026-02-19T12:49:00,24785.0,-3145.0,Stop loss,2026-02-19 05:05:00-05:00,2026-02-19,17880.0,17880.0,515.75,516.0,True
2026-02-20 10:01:00-05:00,25578.75,2026-02-20 10:49:00-05:00,25613.0,LONG,1,target,204.5,35.0,279.0,False,1.0,2026-02-20,1,parquet,-1.0,1,2026-02-20 10:01:00-05:00,LONG,2026-02-20T10:03:00,25063.75,2026-02-20T10:50:00,25097.0,665.0,Profit target,2026-02-20 05:03:00-05:00,2026-02-20,17880.0,17880.0,515.0,516.0,True
2026-02-24 10:26:00-05:00,25488.5,2026-02-24 15:50:00-05:00,25580.25,LONG,1,liquidation_1550,29.0,106.25,269.75,False,0.7246,2026-02-24,1,parquet,1.0,1,2026-02-24 10:26:00-05:00,LONG,2026-02-24T10:28:00,24972.0,2026-02-24T17:00:00,25016.25,885.0,Exit on session close,2026-02-24 05:28:00-05:00,2026-02-24,17880.0,17880.0,516.5,564.0,True
2026-02-25 13:01:00-05:00,25869.75,2026-02-25 15:50:00-05:00,25905.0,LONG,1,liquidation_1550,19.5,42.75,196.5,False,0.3606,2026-02-25,1,parquet,1.0,1,2026-02-25 13:01:00-05:00,LONG,2026-02-25T13:03:00,25355.0,2026-02-25T16:32:00,25455.5,2010.0,Profit target,2026-02-25 08:03:00-05:00,2026-02-25,17880.0,17880.0,514.75,449.5,True
2026-02-27 10:05:00-05:00,25458.75,2026-02-27 10:45:00-05:00,25532.75,LONG,1,target,24.5,74.5,156.5,False,1.0,2026-02-27,1,parquet,-1.0,1,2026-02-27 10:05:00-05:00,LONG,2026-02-27T10:07:00,24942.5,2026-02-27T10:46:00,25016.75,1485.0,Profit target,2026-02-27 05:07:00-05:00,2026-02-27,17880.0,17880.0,516.25,516.0,True
2026-03-02 10:07:00-05:00,25431.25,2026-03-02 12:15:00-05:00,25561.25,LONG,1,target,73.25,146.25,293.5,False,1.0,2026-03-02,1,parquet,1.0,1,2026-03-02 10:07:00-05:00,LONG,2026-03-02T10:09:00,24914.75,2026-03-02T12:16:00,25045.25,2610.0,Profit target,2026-03-02 05:09:00-05:00,2026-03-02,17880.0,17880.0,516.5,516.0,True
2026-03-04 10:01:00-05:00,25487.75,2026-03-04 10:20:00-05:00,25558.38,LONG,1,target,80.25,80.75,144.25,False,1.0,2026-03-04,1,parquet,1.0,1,2026-03-04 10:01:00-05:00,LONG,2026-03-04T10:03:00,24971.5,2026-03-04T10:21:00,25042.5,1420.0,Profit target,2026-03-04 05:03:00-05:00,2026-03-04,17880.0,17880.0,516.25,515.880000000001,True
2026-03-05 10:00:00-05:00,25720.5,2026-03-05 10:27:00-05:00,25518.0,LONG,-1,stop,204.5,5.25,202.5,False,-2.3964,2026-03-05,1,parquet,-1.0,1,2026-03-05 10:00:00-05:00,LONG,2026-03-05T10:02:00,25203.75,2026-03-05T10:29:00,24999.0,-4095.0,Stop loss,2026-03-05 05:02:00-05:00,2026-03-05,17880.0,17880.0,516.75,519.0,True
2026-03-06 10:02:00-05:00,25285.5,2026-03-06 10:23:00-05:00,25325.38,LONG,1,target,105.0,52.5,133.75,False,1.0,2026-03-06,1,parquet,-1.0,1,2026-03-06 10:02:00-05:00,LONG,2026-03-06T10:04:00,24768.75,2026-03-06T10:24:00,24809.5,815.0,Profit target,2026-03-06 05:04:00-05:00,2026-03-06,17880.0,17880.0,516.75,515.880000000001,True
2026-03-09 10:44:00-04:00,25051.5,2026-03-09 11:25:00-04:00,25147.38,LONG,1,target,40.75,103.5,212.25,False,1.0,2026-03-09,1,parquet,1.0,1,2026-03-09 10:44:00-04:00,LONG,2026-03-09T10:46:00,24535.5,2026-03-09T11:26:00,24631.5,1920.0,Profit target,2026-03-09 06:46:00-04:00,2026-03-09,14280.0,14280.0,516.0,515.880000000001,True
2026-03-11 10:00:00-04:00,25689.5,2026-03-11 10:01:00-04:00,25681.62,LONG,1,target,82.5,6.5,100.25,False,-1.0,2026-03-11,1,parquet,1.0,1,2026-03-11 10:00:00-04:00,LONG,2026-03-11T10:03:00,25147.75,2026-03-11T10:24:00,25048.5,-1985.0,Stop loss,2026-03-11 06:03:00-04:00,2026-03-11,14220.0,14220.0,541.75,633.119999999999,False
2026-03-16 10:08:00-04:00,25254.0,2026-03-16 10:50:00-04:00,25135.25,LONG,-1,stop,128.0,18.75,118.75,False,-2.2248,2026-03-16,1,parquet,1.0,1,2026-03-16 10:08:00-04:00,LONG,2026-03-16T10:10:00,24961.0,2026-03-16T10:51:00,24842.5,-2370.0,Stop loss,2026-03-16 06:10:00-04:00,2026-03-16,14280.0,14280.0,293.0,292.75,True
2026-03-19 10:00:00-04:00,24822.25,2026-03-19 15:05:00-04:00,24911.25,LONG,1,target,151.75,89.0,194.5,False,1.0,2026-03-19,1,parquet,-1.0,1,2026-03-19 10:00:00-04:00,LONG,2026-03-19T10:02:00,24528.25,2026-03-19T15:07:00,24618.5,1805.0,Profit target,2026-03-19 06:02:00-04:00,2026-03-19,14280.0,14280.0,294.0,292.75,True
2026-03-23 10:02:00-04:00,24903.25,2026-03-23 11:52:00-04:00,24725.75,LONG,-1,stop,181.75,79.5,177.5,False,-2.0113,2026-03-23,1,parquet,1.0,1,2026-03-23 10:02:00-04:00,LONG,2026-03-23T10:04:00,24609.25,2026-03-23T11:53:00,24433.0,-3525.0,Stop loss,2026-03-23 06:04:00-04:00,2026-03-23,14280.0,14280.0,294.0,292.75,True
2026-03-24 10:56:00-04:00,24612.25,2026-03-24 15:50:00-04:00,24514.25,LONG,-1,liquidation_1550,159.25,65.75,183.5,False,-1.0919,2026-03-24,1,parquet,-1.0,1,2026-03-24 10:56:00-04:00,LONG,2026-03-24T10:58:00,24319.25,2026-03-24T16:23:00,24409.25,1800.0,Profit target,2026-03-24 06:58:00-04:00,2026-03-24,14280.0,14280.0,293.0,105.0,False
2026-03-31 10:33:00-04:00,23872.75,2026-03-31 10:55:00-04:00,23676.5,LONG,-1,stop,196.25,7.75,196.25,False,-2.1074,2026-03-31,1,parquet,1.0,1,2026-03-31 10:33:00-04:00,LONG,2026-03-31T10:02:00,23571.0,2026-03-31T10:57:00,23381.5,-3790.0,Stop loss,2026-03-31 06:02:00-04:00,2026-03-31,16260.0,16260.0,301.75,295.0,True
2026-04-01 10:22:00-04:00,24497.0,2026-04-01 11:01:00-04:00,24563.25,LONG,1,target,73.25,70.75,151.5,False,1.0,2026-04-01,1,parquet,1.0,1,2026-04-01 10:22:00-04:00,LONG,2026-04-01T10:24:00,24203.75,2026-04-01T11:02:00,24270.5,1335.0,Profit target,2026-04-01 06:24:00-04:00,2026-04-01,14280.0,14280.0,293.25,292.75,True
2026-04-02 10:06:00-04:00,24237.25,2026-04-02 10:33:00-04:00,24316.12,LONG,1,target,63.5,85.75,230.25,False,1.0,2026-04-02,1,parquet,-1.0,1,2026-04-02 10:06:00-04:00,LONG,2026-04-02T10:02:00,23896.25,2026-04-02T10:22:00,23998.75,2050.0,Profit target,2026-04-02 06:02:00-04:00,2026-04-02,14640.0,14640.0,341.0,317.369999999999,True
2026-04-13 10:00:00-04:00,25615.75,2026-04-13 12:29:00-04:00,25677.75,LONG,1,target,77.5,73.5,150.0,False,1.0,2026-04-13,1,parquet,1.0,1,2026-04-13 10:00:00-04:00,LONG,2026-04-13T10:02:00,25322.5,2026-04-13T12:29:00,25369.25,935.0,Profit target,2026-04-13 06:02:00-04:00,2026-04-13,14280.0,14280.0,293.25,308.5,True
2026-04-14 10:13:00-04:00,26059.75,2026-04-14 10:35:00-04:00,26110.38,LONG,1,target,21.0,50.75,107.75,False,1.0,2026-04-14,1,parquet,1.0,1,2026-04-14 10:13:00-04:00,LONG,2026-04-14T10:15:00,25766.75,2026-04-14T10:56:00,25818.25,1030.0,Profit target,2026-04-14 06:15:00-04:00,2026-04-14,14280.0,14280.0,293.0,292.130000000001,True
2026-04-15 10:02:00-04:00,26365.75,2026-04-15 10:24:00-04:00,26410.0,LONG,1,target,18.0,57.25,90.0,False,1.0,2026-04-15,1,parquet,1.0,1,2026-04-15 10:02:00-04:00,LONG,2026-04-15T10:03:00,26068.0,2026-04-15T10:24:00,26109.0,820.0,Profit target,2026-04-15 06:03:00-04:00,2026-04-15,14340.0,14340.0,297.75,301.0,True
2026-04-20 10:40:00-04:00,27005.0,2026-04-20 10:51:00-04:00,26952.5,SHORT,1,target,18.0,101.0,112.0,False,1.0,2026-04-20,1,parquet,1.0,1,2026-04-20 10:40:00-04:00,SHORT,2026-04-20T10:42:00,26712.25,2026-04-20T10:52:00,26659.75,1050.0,Profit target,2026-04-20 06:42:00-04:00,2026-04-20,14280.0,14280.0,292.75,292.75,True
2026-04-28 10:38:00-04:00,27350.75,2026-04-28 15:50:00-04:00,27476.0,SHORT,-1,liquidation_1550,166.5,48.5,183.75,False,-1.5345,2026-04-28,1,parquet,-1.0,1,2026-04-28 10:38:00-04:00,SHORT,2026-04-28T10:40:00,27058.0,2026-04-28T17:00:00,27191.5,-2670.0,Exit on session close,2026-04-28 06:40:00-04:00,2026-04-28,14280.0,14280.0,292.75,284.5,True
2026-04-30 10:16:00-04:00,27460.0,2026-04-30 13:26:00-04:00,27748.5,SHORT,-1,stop,289.0,4.0,288.5,False,-2.659,2026-04-30,1,parquet,-1.0,1,2026-04-30 10:16:00-04:00,SHORT,2026-04-30T10:18:00,27168.0,2026-04-30T13:31:00,27466.0,-5960.0,Stop loss,2026-04-30 06:18:00-04:00,2026-04-30,14280.0,14280.0,292.0,282.5,True
2026-05-11 10:31:00-04:00,29553.5,2026-05-11 11:27:00-04:00,29706.75,SHORT,-1,stop,159.0,14.0,153.25,False,-2.7427,2026-05-11,1,parquet,-1.0,1,2026-05-11 10:31:00-04:00,SHORT,2026-05-11T10:33:00,29260.0,2026-05-11T11:28:00,29414.0,-3080.0,Stop loss,2026-05-11 06:33:00-04:00,2026-05-11,14280.0,14280.0,293.5,292.75,True
2026-05-12 10:03:00-04:00,29394.0,2026-05-12 10:33:00-04:00,29309.38,SHORT,1,target,127.0,94.75,186.25,False,1.0,2026-05-12,1,parquet,-1.0,1,2026-05-12 10:03:00-04:00,SHORT,2026-05-12T10:02:00,29120.5,2026-05-12T10:32:00,29040.25,1605.0,Profit target,2026-05-12 06:02:00-04:00,2026-05-12,14460.0,14460.0,273.5,269.130000000001,True
2026-05-18 10:30:00-04:00,29423.5,2026-05-18 10:34:00-04:00,29317.12,SHORT,1,target,45.0,118.0,221.25,False,1.0,2026-05-18,1,parquet,1.0,1,2026-05-18 10:30:00-04:00,SHORT,2026-05-18T10:32:00,29130.0,2026-05-18T10:35:00,29023.0,2140.0,Profit target,2026-05-18 06:32:00-04:00,2026-05-18,14280.0,14280.0,293.5,294.119999999999,True
2026-05-19 10:05:00-04:00,29129.25,2026-05-19 10:14:00-04:00,29034.12,SHORT,1,target,89.5,106.25,217.75,False,1.0,2026-05-19,1,parquet,1.0,1,2026-05-19 10:05:00-04:00,SHORT,2026-05-19T10:09:00,28783.75,2026-05-19T10:18:00,28703.5,1605.0,Profit target,2026-05-19 06:09:00-04:00,2026-05-19,14160.0,14160.0,345.5,330.619999999999,True
2026-05-22 10:06:00-04:00,29831.0,2026-05-22 11:19:00-04:00,29995.25,SHORT,-1,stop,164.25,48.0,164.25,False,-2.3761,2026-05-22,1,parquet,1.0,1,2026-05-22 10:06:00-04:00,SHORT,2026-05-22T10:08:00,29537.5,2026-05-22T11:20:00,29702.5,-3300.0,Stop loss,2026-05-22 06:08:00-04:00,2026-05-22,14280.0,14280.0,293.5,292.75,True
2026-05-25 10:32:00-04:00,30224.25,2026-05-25 10:42:00-04:00,30205.5,SHORT,1,target,10.5,21.0,54.0,False,1.0,2026-05-25,1,parquet,1.0,1,2026-05-25 10:32:00-04:00,SHORT,2026-05-25T10:34:00,29931.25,2026-05-25T11:12:00,29987.5,-1125.0,Stop loss,2026-05-25 06:34:00-04:00,2026-05-25,14280.0,14280.0,293.0,218.0,False
2026-05-27 10:25:00-04:00,30217.0,2026-05-27 15:50:00-04:00,30343.5,SHORT,-1,liquidation_1550,147.75,46.75,255.0,False,-1.1024,2026-05-27,1,parquet,-1.0,1,2026-05-27 10:25:00-04:00,SHORT,2026-05-27T10:27:00,29925.0,2026-05-27T17:00:00,30125.25,-4005.0,Exit on session close,2026-05-27 06:27:00-04:00,2026-05-27,14280.0,14280.0,292.0,218.25,True
2026-06-01 10:03:00-04:00,30592.75,2026-06-01 11:16:00-04:00,30754.0,SHORT,-1,stop,163.75,8.0,161.25,False,-2.1608,2026-06-01,1,parquet,-1.0,1,2026-06-01 10:03:00-04:00,SHORT,2026-06-01T10:05:00,30300.75,2026-06-01T11:16:00,30457.75,-3140.0,Stop loss,2026-06-01 06:05:00-04:00,2026-06-01,14280.0,14280.0,292.0,296.25,True
2026-06-04 10:05:00-04:00,30469.25,2026-06-04 10:59:00-04:00,30646.0,SHORT,-1,stop,183.5,25.5,176.75,False,-2.2917,2026-06-04,1,parquet,-1.0,1,2026-06-04 10:05:00-04:00,SHORT,2026-06-04T10:07:00,30176.5,2026-06-04T11:00:00,30353.25,-3535.0,Stop loss,2026-06-04 06:07:00-04:00,2026-06-04,14280.0,14280.0,292.75,292.75,True
2026-06-05 11:06:00-04:00,30061.75,2026-06-05 12:05:00-04:00,29899.0,SHORT,1,target,27.75,176.5,329.5,False,1.0,2026-06-05,1,parquet,-1.0,1,2026-06-05 11:06:00-04:00,SHORT,2026-06-05T10:02:00,29786.0,2026-06-05T11:40:00,29642.75,2865.0,Profit target,2026-06-05 06:02:00-04:00,2026-06-05,18240.0,18240.0,275.75,256.25,True
2026-06-09 10:09:00-04:00,29923.5,2026-06-09 10:13:00-04:00,29818.5,SHORT,1,target,42.5,138.5,215.0,False,1.0,2026-06-09,1,parquet,1.0,1,2026-06-09 10:09:00-04:00,SHORT,2026-06-09T10:11:00,29631.25,2026-06-09T10:14:00,29525.75,2110.0,Profit target,2026-06-09 06:11:00-04:00,2026-06-09,14280.0,14280.0,292.25,292.75,True
2026-06-16 10:19:00-04:00,30740.25,2026-06-16 10:23:00-04:00,30681.62,SHORT,1,target,34.75,59.75,138.25,False,1.0,2026-06-16,1,parquet,1.0,1,2026-06-16 10:19:00-04:00,SHORT,2026-06-16T10:21:00,30432.75,2026-06-16T10:24:00,30375.0,1155.0,Profit target,2026-06-16 06:21:00-04:00,2026-06-16,14280.0,14280.0,307.5,306.619999999999,True
2026-06-17 10:02:00-04:00,30340.75,2026-06-17 10:24:00-04:00,30537.0,SHORT,-1,stop,205.0,20.75,196.25,False,-2.1131,2026-06-17,1,parquet,-1.0,1,2026-06-17 10:02:00-04:00,SHORT,2026-06-17T10:04:00,30036.0,2026-06-17T10:24:00,30202.25,-3325.0,Stop loss,2026-06-17 06:04:00-04:00,2026-06-17,14280.0,14280.0,304.75,334.75,True
2026-06-29 10:04:00-04:00,29542.5,2026-06-29 10:12:00-04:00,29415.5,SHORT,1,target,39.25,157.0,283.0,False,1.0,2026-06-29,1,parquet,1.0,1,2026-06-29 10:04:00-04:00,,,,,,,,,,,,,,
